/100-Humans-Film/index.{html} /100-Humans-Film/
/Martin-Eden-Film/index.{html} /Martin-Eden-Film/
/One-Up-On-Wall-Street-How-to-Use-What-You-Already-Know-to-Make-Money-in-the-Market-Book/index.{html} /One-Up-On-Wall-Street-How-to-Use-What-You-Already-Know-to-Make-Money-in-the-Market-Book/
/The-Story-of-Art-Book/index.{html} /The-Story-of-Art-Book/
/Flights-Book/index.{html} /Flights-Book/
/Git/index.{html} /Git/
/Google-Books-Ngram-Viewer/index.{html} /Google-Books-Ngram-Viewer/
/Wizz-Air/index.{html} /Wizz-Air/
/Unreal-Engine/index.{html} /Unreal-Engine/
/VFX-MOC/index.{html} /VFX-MOC/
/index.html /
/Currently-Using/index.{html} /Currently-Using/
/Evergreen-Notes/index.{html} /Evergreen-Notes/
/Houdini/index.{html} /Houdini/
/My-Old-Dutch/index.{html} /My-Old-Dutch/
/Thinking-in-Bets-Book/index.{html} /Thinking-in-Bets-Book/
/Arirang-Restaurant/index.{html} /Arirang-Restaurant/
/Becoming-the-3-Pct/index.{html} /Becoming-the-3-Pct/
/Obsidian/index.{html} /Obsidian/
/Python/index.{html} /Python/
/The-Delaunay/index.{html} /The-Delaunay/
/After-Effects/index.{html} /After-Effects/
/Cafes-in-Central-London/index.{html} /Cafes-in-Central-London/
/Creativity/index.{html} /Creativity/
/My-Man-Jeeves-Book/index.{html} /My-Man-Jeeves-Book/
/What-Are-You-Looking-At-Book/index.{html} /What-Are-You-Looking-At-Book/
/Kraftwerk-Future-Music-from-Germany-Book/index.{html} /Kraftwerk-Future-Music-from-Germany-Book/
/My-Camera-Collection/index.{html} /My-Camera-Collection/
/My-Fountain-Pen-Collection/index.{html} /My-Fountain-Pen-Collection/
/Personal-Updates/index.{html} /Personal-Updates/
/Random-Thoughts/index.{html} /Random-Thoughts/
/Some-Kind-of-Peace-Olafur-Arnolds/index.{html} /Some-Kind-of-Peace-Olafur-Arnolds/
/Atomic-Notes/index.{html} /Atomic-Notes/
/Becoming-the-3-Pct-Unpacking-the-One-Metric/index.{html} /Becoming-the-3-Pct-Unpacking-the-One-Metric/
/Mr-Foggs-Society-of-Exploration/index.{html} /Mr-Foggs-Society-of-Exploration/
/On-Connection-Book/index.{html} /On-Connection-Book/
/Becoming-the-3-Pct-P3-Psychology/index.{html} /Becoming-the-3-Pct-P3-Psychology/
/Chrome/index.{html} /Chrome/
/Everything-is-not-and-Not-everything-is/index.{html} /Everything-is-not-and-Not-everything-is/
/Regular-expressions/index.{html} /Regular-expressions/
/Turning-32/index.{html} /Turning-32/
/everything-I-know/index.{html} /everything-I-know/
/B-is-for-Bauhaus-Book/index.{html} /B-is-for-Bauhaus-Book/
/Currently-Reading/index.{html} /Currently-Reading/
/Travelling-to-Italy-Day-1/index.{html} /Travelling-to-Italy-Day-1/
/Nuke/index.{html} /Nuke/
/Obsidian-Tips-and-Tricks/index.{html} /Obsidian-Tips-and-Tricks/
/The-Book-of-Barely-Imagined-Beings-Book/index.{html} /The-Book-of-Barely-Imagined-Beings-Book/
/Becoming-the-3-Pct-P2-Risk-Management/index.{html} /Becoming-the-3-Pct-P2-Risk-Management/
/Digital-Garden/index.{html} /Digital-Garden/
/Favourite-Films/index.{html} /Favourite-Films/
/Git-Basics/index.{html} /Git-Basics/
/Zettelkasten/index.{html} /Zettelkasten/
/Daily-Notes/index.{html} /Daily-Notes/
/Happy-Lamb-Hot-Pot/index.{html} /Happy-Lamb-Hot-Pot/
/Hermeneutics-Facts-and-Interpretation-in-the-Age-of-Information-Book/index.{html} /Hermeneutics-Facts-and-Interpretation-in-the-Age-of-Information-Book/
/Mrs-Harris-Goes-to-Paris-Film/index.{html} /Mrs-Harris-Goes-to-Paris-Film/
/Granularity-of-Cognition/index.{html} /Granularity-of-Cognition/
/How-to-Read-Literature-Book/index.{html} /How-to-Read-Literature-Book/
/Maybe-You-Should-Talk-to-Someone-A-Therapist-Her-Therapist-and-Our-Lives-Revealed-Book/index.{html} /Maybe-You-Should-Talk-to-Someone-A-Therapist-Her-Therapist-and-Our-Lives-Revealed-Book/
/Restaurants-in-London/index.{html} /Restaurants-in-London/
/Trading/index.{html} /Trading/
/Becoming-the-3-P1-Strategy/index.{html} /Becoming-the-3-P1-Strategy/
/Blueprints-System/index.{html} /Blueprints-System/
/Living-in-London/index.{html} /Living-in-London/
/Obsidian-Syncing/index.{html} /Obsidian-Syncing/
/Productivity/index.{html} /Productivity/
/2022-08-09/index.{html} /2022-08-09/
/2022-08-11/index.{html} /2022-08-11/
/After-Effects-Tips-and-Tricks/index.{html} /After-Effects-Tips-and-Tricks/
/Coding/index.{html} /Coding/
